,City,Cloudiness,Country,Date,Humidity,Lat,Lng,Max Temp,Wind Speed
0,celestun,1,MX,1609818467,89,20.87,-90.4,72.59,11.97
1,chokurdakh,55,RU,1609818467,85,70.63,147.92,-25.11,11.36
2,new norfolk,98,LR,1609818191,94,6.65,-10.59,74.88,1.25
3,rikitea,9,PF,1609818467,73,-23.12,-134.97,76.93,17.02
4,mataura,100,NZ,1609818467,87,-46.19,168.86,58.37,0.89
5,hermanus,100,ZA,1609818194,86,-34.42,19.23,70.0,1.01
6,avarua,29,CK,1609818467,70,-21.21,-159.78,84.2,13.87
7,busselton,0,AU,1609818467,37,-33.65,115.33,82.0,5.99
8,yulara,75,AU,1609818467,30,-25.24,130.99,80.6,14.99
9,kapaa,40,US,1609818467,78,22.08,-159.32,75.2,10.29
10,talnakh,90,RU,1609818467,75,69.49,88.4,-13.0,15.66
11,moron,83,AR,1609818228,81,-34.65,-58.62,75.99,1.99
12,port alfred,78,CD,1609818462,69,-7.03,29.76,72.59,4.61
13,ribeira grande,0,ES,1609818467,92,42.75,-8.44,34.0,1.12
14,samarai,98,PG,1609818468,69,-10.62,150.67,86.7,13.31
15,ulladulla,32,AU,1609818468,54,-35.35,150.47,82.4,3.36
16,atuona,93,PF,1609818468,77,-9.8,-139.03,78.44,16.73
17,hithadhoo,100,MV,1609818468,74,-0.6,73.08,83.08,17.45
18,pasighat,16,IN,1609818468,28,28.07,95.33,73.81,2.24
19,bucerias,5,MX,1609818468,88,20.75,-105.33,68.0,2.24
20,amberley,75,US,1609818468,92,39.2,-84.43,35.01,2.33
21,kaitangata,100,NZ,1609818468,85,-46.28,169.85,60.01,5.99
22,makakilo city,75,US,1609818468,57,21.35,-158.09,80.6,5.82
23,longyearbyen,90,SJ,1609818468,92,78.22,15.64,28.4,47.2
24,saint-philippe,90,RE,1609818468,74,-21.36,55.77,78.8,11.41
25,punta arenas,67,PH,1609818468,71,8.99,125.34,83.61,4.5
26,east london,0,IS,1609818172,74,65.0,-15.0,28.4,3.36
27,vaini,75,TO,1609818469,83,-21.2,-175.2,82.4,13.87
28,ishigaki,75,JP,1609818469,88,24.34,124.16,69.8,21.92
29,guerrero negro,0,MX,1609818469,53,17.67,-100.0,64.69,3.42
30,ushuaia,75,AR,1609818469,53,-54.8,-68.3,51.8,3.36
31,lompoc,90,US,1609818279,93,34.64,-120.46,55.99,4.7
32,belaya gora,100,UA,1609818469,100,49.03,25.77,42.01,4.0
33,qaanaaq,77,GL,1609818469,74,77.48,-69.36,-4.22,4.9
34,geraldton,40,AU,1609818469,19,-28.77,114.6,91.4,29.97
35,thompson,75,CA,1609818469,83,55.74,-97.86,-5.8,3.69
36,rwamagana,40,RW,1609818469,87,-1.95,30.43,60.8,3.36
37,waingapu,100,ID,1609818470,77,-9.66,120.26,80.22,4.88
38,hilo,90,US,1609818422,69,19.73,-155.09,77.0,6.93
39,inirida,8,CO,1609818470,95,3.87,-67.92,72.23,1.01
40,upernavik,100,GL,1609818470,88,72.79,-56.15,18.54,35.34
41,san cristobal,3,ML,1609818304,21,13.3,-4.9,72.28,11.48
42,xichang,100,CN,1609818470,48,27.9,102.26,56.64,2.75
43,victoria,17,HK,1609818222,47,22.29,114.16,70.0,1.99
44,georgetown,40,MY,1609818352,78,5.41,100.34,84.0,9.17
45,albany,97,US,1609818424,87,42.6,-73.97,34.0,2.48
46,provideniya,0,RU,1609818470,86,64.38,-173.3,-3.05,12.55
47,kalmunai,79,LK,1609818470,82,7.42,81.82,80.15,5.3
48,saskylakh,100,RU,1609818470,91,71.92,114.08,0.46,14.58
49,bambous virieux,40,MU,1609818470,78,-20.26,57.41,80.01,6.93
50,narsipatnam,89,IN,1609818470,73,17.67,82.62,75.2,4.7
51,mar del plata,90,ES,1609818471,100,43.4,-4.01,39.0,6.44
52,yurimaguas,100,PE,1609818471,96,-5.9,-76.08,74.1,0.85
53,grajau,100,BR,1609818471,91,-5.82,-46.14,72.99,0.54
54,kieta,88,PG,1609818471,61,-6.22,155.63,85.86,2.08
55,jamestown,90,US,1609818391,100,42.1,-79.24,32.0,4.7
56,kruisfontein,98,ZA,1609818471,94,-34.0,24.73,71.01,1.99
57,mount gambier,77,GB,1609818471,94,53.66,-1.85,34.0,1.99
58,roebourne,15,AU,1609818471,36,-20.78,117.13,94.26,15.26
59,coihaique,0,CL,1609818471,66,-45.58,-72.07,51.8,3.36
60,thouars,100,FR,1609818471,1,46.98,-0.22,37.0,1.99
61,youkounkoun,0,GN,1609818471,26,12.53,-13.13,70.25,2.28
62,saldanha,51,ZA,1609818471,88,-33.01,17.94,62.6,6.93
63,dikson,100,RU,1609818471,94,73.51,80.55,2.88,25.93
64,cape town,0,CL,1609818472,46,-36.41,-71.9,69.8,10.29
65,nikolskoye,40,RU,1609818472,85,59.7,30.79,27.0,3.42
66,allanridge,98,ZA,1609818472,94,-27.75,26.64,64.0,3.8
67,amalapuram,56,IN,1609818472,73,16.58,82.02,73.4,5.82
68,naze,75,JP,1609818472,88,28.37,129.48,64.4,19.46
69,caxito,40,AO,1609818472,88,-8.58,13.66,77.0,6.93
70,jaunpur,75,IN,1609818472,88,25.73,82.68,62.6,3.6
71,karratha,21,AU,1609818472,36,-20.74,116.85,93.4,12.97
72,rocha,69,UY,1609818472,92,-34.48,-54.33,67.46,9.57
73,constitucion,12,CL,1609818472,62,-35.33,-72.42,58.19,6.87
74,jaca,43,ES,1609818472,91,42.57,-0.55,19.99,4.09
75,warmbad,83,NA,1609818472,79,-28.45,18.73,69.8,5.7
76,yongchang,100,CN,1609818472,75,30.04,119.73,46.0,7.27
77,barrow,90,US,1609818473,91,71.29,-156.79,-18.4,4.7
78,faanui,100,PF,1609818473,74,-16.48,-151.75,81.12,16.31
79,mahebourg,40,MU,1609818387,78,-20.41,57.7,77.0,6.93
80,ayr,40,GB,1609818473,100,55.46,-4.63,28.99,4.7
81,ponta do sol,100,PT,1609818473,94,38.73,-28.27,57.56,31.74
82,airai,97,TL,1609818473,85,-8.93,125.41,71.85,3.36
83,leshan,100,CN,1609818186,59,29.56,103.76,51.67,2.68
84,pevek,100,RU,1609818473,89,69.7,170.31,-15.14,8.05
85,khatanga,94,RU,1609818473,89,71.97,102.5,-9.02,17.29
86,buzdyak,100,RU,1609818473,96,54.58,54.55,14.76,5.75
87,araguacu,27,BR,1609818473,87,-12.93,-49.83,72.79,2.62
88,tadine,65,NC,1609818473,83,-21.55,167.88,81.57,15.08
89,hargeysa,6,SO,1609818474,92,9.56,44.06,56.7,7.67
90,ust-barguzin,100,RU,1609818474,88,53.45,108.98,-6.27,9.89
91,snyder,1,US,1609818287,60,32.72,-100.92,42.8,3.83
92,butaritari,100,KI,1609818474,77,3.07,172.79,82.17,18.7
93,bethel,80,US,1609818474,93,41.37,-73.41,32.0,3.51
94,huarmey,100,PE,1609818474,82,-10.07,-78.15,70.38,5.86
95,collie,0,AU,1609818474,32,-33.37,116.15,79.0,4.0
96,padang,20,ID,1609818213,58,-0.95,100.35,87.8,4.7
97,moerai,0,PF,1609818474,78,-22.43,-151.33,80.19,17.52
98,cayenne,0,GF,1609818474,100,4.93,-52.33,75.2,2.24
99,okha,100,RU,1609818474,90,53.57,142.95,-7.47,26.11
100,alpoyeca,0,MX,1609818474,57,17.67,-98.52,67.69,4.21
101,cherskiy,87,RU,1609818474,85,68.75,161.3,-28.37,6.55
102,saint-pierre-des-corps,90,FR,1609818475,95,47.38,0.73,35.6,8.05
103,ostrovnoy,50,RU,1609818475,94,68.05,39.51,11.37,11.18
104,teguldet,0,RU,1609818475,86,57.31,88.17,-22.58,3.42
105,mahuva,0,IN,1609818475,40,21.09,71.76,69.04,12.39
106,lafiagi,0,NG,1609818475,52,8.87,5.42,73.09,3.85
107,leningradskiy,100,RU,1609818475,87,69.38,178.42,-5.91,6.91
108,honningsvag,99,NO,1609818475,79,70.98,25.97,41.07,20.45
109,nanortalik,98,GL,1609818475,96,60.14,-45.24,26.96,7.67
110,port blair,78,CD,1609818475,69,-7.03,29.76,72.59,4.61
111,egvekinot,100,RU,1609818475,85,66.32,-179.17,-5.15,11.86
112,nuqui,36,CO,1609818475,85,5.71,-77.27,76.06,2.8
113,yellowknife,20,CA,1609818244,74,62.46,-114.35,-24.0,8.05
114,rabat,75,MA,1609818475,75,33.99,-6.84,48.0,3.36
115,beyla,30,GN,1609818476,71,8.68,-8.63,69.39,2.77
116,juarez,5,MX,1609818476,26,31.73,-106.48,53.01,3.4
117,hasaki,75,JP,1609818279,75,35.73,140.83,50.0,3.36
118,souillac,40,MU,1609818476,78,-20.52,57.52,77.0,6.93
119,brae,100,GB,1609818476,86,60.4,-1.35,41.0,10.29
120,lagoa,96,PT,1609818476,81,39.05,-27.98,60.84,26.49
121,ambanja,75,MG,1609818476,85,-13.68,48.45,75.2,4.7
122,verkhnetulomskiy,0,RU,1609818476,76,68.61,31.8,-5.8,3.24
123,jiuquan,0,CN,1609818363,74,39.74,98.52,11.89,0.96
124,salta,0,AR,1609818476,87,-24.79,-65.41,60.8,3.36
125,batticaloa,96,LK,1609818476,82,7.71,81.69,79.61,4.07
126,yevlax,90,AZ,1609818476,86,40.61,47.15,37.4,9.17
127,wangaratta,40,AU,1609818476,28,-36.37,146.33,84.2,11.41
128,tilichiki,21,RU,1609818476,89,60.47,166.1,-16.58,10.36
129,bluff,99,NZ,1609818477,90,-46.6,168.33,55.22,3.18
130,tiksi,99,RU,1609818477,88,71.69,128.87,-14.08,10.74
131,hobart,40,AU,1609818411,60,-42.88,147.33,72.0,10.29
132,ayan,22,RU,1609818477,76,56.45,138.17,-16.69,13.65
133,bredasdorp,100,ZA,1609818477,83,-34.53,20.04,69.8,8.05
134,chuy,32,UY,1609818477,88,-33.7,-53.46,69.67,11.01
135,morehead,1,US,1609818477,70,37.27,-87.18,44.6,6.04
136,severo-kurilsk,76,RU,1609818477,91,50.68,156.12,19.87,22.95
137,necochea,100,AR,1609818477,93,-38.55,-58.74,62.01,17.36
138,nizwa,0,OM,1609818477,36,22.93,57.53,58.98,4.29
139,clyde river,22,US,1609818477,80,41.3,-82.98,34.0,4.88
140,kodiak,90,US,1609818477,96,57.79,-152.41,33.8,8.05
141,korla,0,CN,1609818478,78,41.76,86.15,17.73,6.53
142,bataysk,100,RU,1609818478,94,47.14,39.75,33.01,28.99
143,phonhong,20,LA,1609818478,68,18.5,102.42,71.6,2.24
144,haines junction,90,US,1609818478,79,59.23,-135.44,24.8,14.99
145,tuktoyaktuk,75,CA,1609818478,82,69.45,-133.04,-16.6,9.17
146,mount isa,77,GB,1609818359,94,53.66,-1.85,34.0,1.99
147,paamiut,100,GL,1609818478,99,61.99,-49.67,30.9,21.12
148,pisco,0,PE,1609818478,88,-13.7,-76.22,69.8,10.29
149,dingle,99,PH,1609818478,73,11.0,122.67,82.76,15.5
150,fortuna,90,US,1609818478,100,40.6,-124.16,45.0,8.05
151,nuuk,100,GL,1609818478,92,64.18,-51.72,21.2,5.82
152,porto recanati,0,PT,1609818391,100,41.15,-8.61,33.8,4.74
153,cascais,20,PT,1609818478,100,38.7,-9.42,45.0,2.24
154,ahipara,25,NZ,1609818478,62,-35.17,173.17,72.91,2.33
155,phan thiet,14,TH,1609818479,77,19.55,99.74,75.99,3.36
156,stornoway,5,GB,1609818479,81,58.21,-6.39,34.0,2.24
157,velingara,0,SN,1609818479,22,13.15,-14.12,74.26,6.6
158,puerto ayora,75,ES,1609818479,93,36.59,-6.23,44.6,4.7
159,shahgarh,97,IN,1609818479,36,24.32,79.13,73.31,2.8
160,falciu,100,RO,1609818479,84,46.3,28.14,45.91,13.87
161,hohhot,0,CN,1609818450,64,40.81,111.65,1.4,4.47
162,cabo rojo,40,BR,1609818347,69,-8.28,-35.03,78.8,9.17
163,cabo san lucas,40,BR,1609818479,69,-8.28,-35.03,78.8,9.17
164,cidreira,100,BR,1609818479,80,-30.18,-50.21,73.67,18.66
165,camden,100,US,1609818480,85,39.78,-74.97,39.99,2.33
166,buluang,75,PH,1609818480,58,13.31,123.34,86.94,4.14
167,bengkulu,48,ID,1609818480,66,-3.8,102.27,85.42,7.81
168,port elizabeth,78,CD,1609818462,69,-7.03,29.76,72.59,4.61
169,komsomolskiy,75,UZ,1609818480,85,40.43,71.72,19.4,2.24
170,castro,73,BR,1609818386,97,-24.79,-50.01,60.58,4.79
171,pavilosta,72,LV,1609818480,97,56.89,21.19,32.0,11.41
172,payakumbuh,86,ID,1609818480,67,-0.22,100.63,81.28,3.02
173,tambura,21,SS,1609818480,59,5.6,27.47,69.85,3.24
174,arman,99,RU,1609818480,81,59.7,150.17,-3.03,10.74
175,chicama,100,PE,1609818480,80,-7.84,-79.15,69.78,4.45
176,bellevue,75,US,1609818355,75,47.61,-122.2,46.4,10.29
177,biak,80,ID,1609818481,64,-0.91,122.88,85.42,3.27
178,bratsk,65,RU,1609818481,66,56.13,101.61,-31.0,6.71
179,cotonou,20,BJ,1609818481,94,6.37,2.42,75.2,3.36
180,korcula,75,HR,1609818481,100,42.96,17.14,33.8,2.24
181,tomatlan,24,MX,1609818481,76,19.93,-105.25,66.97,2.24
182,sesheke,12,ZM,1609818481,100,-17.48,24.3,68.0,3.36
183,portland,69,US,1609818230,88,45.52,-122.68,46.0,1.99
184,hammerfest,75,NO,1609818481,80,70.66,23.68,39.2,14.99
185,olafsvik,100,IS,1609818481,75,64.89,-23.71,38.28,17.49
186,matamoros,5,MX,1609818271,29,25.53,-103.25,60.8,0.54
187,brigantine,90,US,1609818481,86,39.41,-74.36,39.99,0.72
188,kahului,40,US,1609818482,57,20.89,-156.47,80.6,12.75
189,norman wells,1,US,1609818206,81,35.22,-97.44,43.0,4.7
190,beloha,19,MG,1609818482,59,-25.17,45.05,79.99,4.68
191,klaksvik,90,FO,1609818482,100,62.23,-6.59,39.2,7.05
192,fort-shevchenko,0,KZ,1609818482,92,44.51,50.26,29.82,15.12
193,pangnirtung,92,CA,1609818482,80,66.15,-65.71,-21.6,1.57
194,abu jubayhah,3,IN,1609818482,43,24.6,72.7,57.38,3.24
195,bonthe,28,SL,1609818482,83,7.53,-12.51,78.93,4.03
196,alekseyevskaya,100,RU,1609818482,87,50.29,42.18,28.99,5.01
197,namibe,99,AO,1609818482,76,-15.2,12.15,70.97,4.07
198,bhag,0,PK,1609818483,28,29.04,67.82,61.92,5.46
199,salalah,20,OM,1609818483,42,17.02,54.09,68.0,10.29
200,arlit,0,NE,1609818483,23,18.74,7.39,70.79,4.45
201,acajutla,6,SV,1609818483,80,13.59,-89.83,77.72,7.38
202,tasiilaq,1,GL,1609818483,57,65.61,-37.64,17.6,2.24
203,milkovo,7,RU,1609818483,91,54.72,158.62,5.83,0.92
204,atasu,100,KZ,1609818483,87,48.68,71.64,7.07,9.46
205,maniitsoq,100,GL,1609818483,96,65.42,-52.9,20.93,8.86
206,arraial do cabo,0,BR,1609818483,78,-22.84,-46.65,71.6,11.41
207,ixtapa,5,MX,1609818483,88,20.7,-105.2,68.0,2.24
208,sitka,90,US,1609818483,65,57.05,-135.33,41.0,20.8
209,grindavik,75,IS,1609818484,71,63.84,-22.43,35.6,5.82
210,anchorage,90,US,1609818480,78,61.22,-149.9,17.6,3.36
211,san patricio,3,ML,1609818304,21,13.3,-4.9,72.28,11.48
212,ankang,100,CN,1609818484,36,32.68,109.02,42.01,5.61
213,aklavik,100,CA,1609818484,76,68.22,-135.01,-11.2,5.82
214,inuvik,90,CA,1609818484,76,68.35,-133.72,-11.2,5.82
215,hualmay,100,PE,1609818484,82,-11.1,-77.61,70.02,5.5
216,lorengau,100,PG,1609818484,67,-2.02,147.27,86.31,12.19
217,kupino,94,RU,1609818484,87,54.37,77.3,-20.29,7.14
218,caravelas,0,BR,1609818484,87,-17.71,-39.25,75.99,7.45
219,kavieng,97,PG,1609818484,68,-2.57,150.8,86.13,11.74
220,nelson bay,97,NZ,1609818303,56,-41.28,173.28,75.0,5.01
221,angren,2,UZ,1609818485,67,41.02,70.14,26.85,2.71
222,jumla,97,NP,1609818485,43,29.27,82.18,51.51,3.13
223,sept-iles,32,CA,1609818304,85,50.2,-66.38,25.0,3.36
224,poya,79,NC,1609818485,70,-21.35,165.15,85.19,3.69
225,sarkand,24,KZ,1609818485,59,45.41,79.92,9.79,0.74
226,mamallapuram,90,IN,1609818485,100,12.63,80.17,77.0,3.36
227,syamzha,97,RU,1609818485,97,60.02,41.06,15.21,4.52
228,lake city,90,US,1609818485,92,42.33,-88.0,27.0,3.36
229,ukiah,90,US,1609818385,87,39.15,-123.21,46.4,3.36
230,sabang,100,ID,1609818485,78,5.89,95.32,79.5,12.3
231,knysna,75,ZA,1609818485,100,-34.04,23.05,68.0,4.7
232,parana,5,AR,1609818485,56,-31.73,-60.52,79.0,6.96
233,ambon,40,ID,1609818486,59,-3.7,128.18,91.4,6.93
234,kaihua,97,CN,1609818486,75,23.37,104.28,52.32,6.89
235,esperance,40,AU,1609818486,43,-33.87,121.9,71.6,14.99
236,zhigansk,67,RU,1609818486,80,66.77,123.37,-40.31,8.75
237,naranjal,75,EC,1609818486,74,-2.67,-79.62,78.8,3.36
238,mayumba,100,GA,1609818486,87,-3.43,10.66,77.27,4.23
239,gilgit,99,PK,1609818486,66,35.92,74.31,37.13,1.68
240,tipitapa,20,NI,1609818486,83,12.2,-86.1,77.0,7.36
241,mbandaka,97,CD,1609818486,93,0.05,18.26,70.92,3.76
242,luena,100,AO,1609818486,95,-11.78,19.92,60.37,5.21
243,lumphat,55,KH,1609818486,42,13.49,106.98,89.4,9.53
244,saint-augustin,0,CA,1609818486,94,51.23,-58.65,18.52,4.47
245,manacapuru,0,BR,1609818487,94,-3.3,-60.62,77.0,3.49
246,batagay-alyta,2,RU,1609818487,82,67.8,130.41,-24.79,1.59
247,roma,90,US,1609818289,86,43.21,-75.46,33.8,3.36
248,ilulissat,99,GL,1609818487,94,69.22,-51.1,8.64,2.71
249,sterling,90,US,1609818487,80,39.01,-77.43,39.99,3.36
250,bowen,40,AU,1609818487,88,-20.02,148.23,80.6,9.17
251,mantes-la-ville,98,FR,1609818487,97,48.97,1.7,39.0,3.0
252,mehamn,100,NO,1609818487,78,71.04,27.85,38.62,15.03
253,tommot,100,RU,1609818487,82,58.96,126.29,-22.63,7.92
254,lebu,0,CL,1609818487,81,-37.62,-73.65,55.38,19.15
255,boa vista,77,CM,1609818487,84,4.43,8.97,79.18,1.72
256,virginia beach,90,US,1609818366,93,37.55,-77.45,42.01,3.71
257,sosnovo,100,RU,1609818487,97,60.55,30.21,27.0,3.27
258,nogliki,100,RU,1609818487,86,51.83,143.17,-5.89,12.46
259,morros,30,BR,1609818488,78,-9.45,-46.3,73.65,2.28
260,yarada,91,IN,1609818488,73,17.65,83.27,75.2,4.7
261,sao filipe,85,IN,1609818488,44,20.51,76.21,73.44,13.33
262,dunedin,100,NZ,1609818488,87,-45.87,170.5,57.99,1.99
263,vuktyl,82,RU,1609818488,93,63.86,57.31,-0.18,4.74
264,bubaque,0,GW,1609818488,56,11.28,-15.83,79.72,7.2
265,minsk mazowiecki,90,BY,1609818440,100,53.9,27.57,33.8,8.95
266,kedrovyy,0,RU,1609818488,67,56.17,91.82,-25.6,6.2
267,coro,47,VE,1609818488,83,11.4,-69.67,73.54,7.65
268,nalut,96,LY,1609818489,50,30.33,10.85,43.12,8.32
269,champerico,1,GT,1609818489,94,14.3,-91.92,68.0,5.73
270,dukhovnitskoye,100,RU,1609818489,98,52.48,48.21,26.96,11.63
271,zhuhai,0,CN,1609818258,55,22.28,113.57,72.0,9.17
272,codrington,100,AU,1609818489,83,-38.27,141.97,58.84,17.09
273,saint-denis,75,FR,1609818489,93,48.92,2.33,37.99,4.7
274,nizhneangarsk,23,RU,1609818489,80,55.78,109.55,-20.02,6.11
275,palauig,3,PH,1609818489,62,15.44,119.9,84.94,5.86
276,nijar,0,ES,1609818489,56,36.97,-2.21,44.01,5.82
277,wajid,85,SO,1609818489,64,3.81,43.25,70.95,21.21
278,mayenne,90,FR,1609818489,93,48.33,-0.67,35.6,8.05
279,grand river south east,1,US,1609818489,92,38.88,-109.5,19.4,1.48
280,georgiyevka,90,KZ,1609818489,76,43.04,74.71,-5.8,1.97
281,valparaiso,90,CL,1609818392,82,-33.04,-71.63,57.2,5.82
282,sile,100,TR,1609818490,69,41.18,29.61,55.0,5.01
283,vao,69,NC,1609818490,85,-22.67,167.48,79.29,24.2
284,panaba,68,MX,1609818490,94,21.28,-88.27,71.46,7.72
285,bonavista,47,CA,1609818490,92,48.65,-53.11,24.8,3.36
286,mananjary,18,MG,1609818490,84,-21.22,48.33,75.87,2.77
287,sai buri,75,FR,1609818490,86,48.74,0.03,37.4,5.82
288,vardo,70,NO,1609818490,86,70.37,31.11,34.29,22.06
289,nouadhibou,78,MR,1609818490,64,20.93,-17.03,68.5,10.65
290,fayaoue,98,NC,1609818490,76,-20.65,166.53,83.12,7.9
291,boyolangu,91,ID,1609818490,63,-8.12,111.89,86.36,4.54
292,palaikastron,13,GR,1609818491,73,35.2,26.25,57.99,10.67
293,vila,0,PT,1609818491,93,42.03,-8.16,28.99,1.01
294,benghazi,100,LY,1609818491,56,32.12,20.07,58.44,8.79
295,mikhaylovka,100,RU,1609818491,97,50.06,43.24,23.29,9.6
296,kamiiso,75,JP,1609818211,68,41.82,140.65,24.8,9.17
297,flinders,31,AU,1609818491,72,-34.58,150.86,82.0,3.0
298,torbay,90,CA,1609818491,100,47.67,-52.73,33.01,17.22
299,salinopolis,100,BR,1609818202,81,-0.61,-47.36,79.9,10.38
300,lavrentiya,13,RU,1609818491,88,65.58,-171.0,-7.55,9.93
301,rock sound,90,US,1609818491,100,42.67,-89.07,26.6,6.93
302,longkou,0,CN,1609818491,83,37.65,120.33,24.4,22.48
303,yumen,0,CN,1609818491,68,40.28,97.2,14.29,16.73
304,poum,67,NC,1609818491,82,-20.23,164.02,81.99,10.13
305,omboue,37,GA,1609818492,88,-1.57,9.26,76.71,5.88
306,nyurba,100,RU,1609818492,85,63.28,118.33,-24.63,7.07
307,noumea,61,NC,1609818492,70,-22.28,166.46,87.8,11.41
308,vetluga,98,RU,1609818492,98,57.86,45.78,22.93,3.78
309,alugan,100,PH,1609818492,69,12.22,125.48,83.91,11.41
310,tarakan,40,ID,1609818492,74,3.3,117.63,84.2,5.82
311,bodo,75,NO,1609818492,69,67.28,14.4,37.4,8.05
312,ruidoso,1,US,1609818492,37,33.33,-105.67,35.6,3.36
313,half moon bay,98,LR,1609818492,84,6.38,-10.7,78.3,2.24
314,xai-xai,33,MZ,1609818324,86,-25.05,33.64,73.76,4.34
315,oneonta,100,US,1609818200,86,42.45,-75.06,33.01,2.55
316,bairiki,75,KI,1609818492,74,1.33,172.98,84.2,14.99
317,tura,100,IN,1609818492,48,25.52,90.22,74.53,2.04
318,isla vista,1,PH,1609818493,57,15.89,120.3,86.97,5.68
319,warrnambool,100,AU,1609818493,94,-38.38,142.48,61.0,17.09
320,mvomero,20,TZ,1609818493,88,-6.25,38.67,77.0,4.0
321,mabaruma,60,GY,1609818493,98,8.2,-59.78,71.46,1.48
322,salekhard,94,RU,1609818493,88,66.53,66.6,-21.14,7.36
323,salimpur,69,IN,1609818493,74,28.13,76.28,64.72,12.33
324,tezu,5,IN,1609818493,22,27.92,96.17,75.63,3.02
325,dorokhovo,90,RU,1609818493,100,55.55,36.37,28.4,6.71
326,estrela,97,BR,1609818493,97,-28.06,-50.94,60.28,6.06
327,jiaozhou,0,CN,1609818493,77,36.28,120.0,34.0,15.66
328,rock falls,90,US,1609818493,100,42.67,-89.07,26.6,6.93
329,piacabucu,26,BR,1609818494,81,-10.41,-36.43,76.62,10.18
330,karaton,75,ID,1609818494,94,-6.34,106.1,84.99,2.24
331,ryotsu,75,JP,1609818494,90,38.08,138.43,33.8,6.93
332,pimentel,78,PE,1609818494,85,-6.84,-79.93,68.74,8.19
333,takoradi,10,GH,1609818494,86,4.88,-1.76,78.49,10.98
334,usolye-sibirskoye,100,RU,1609818494,79,52.75,103.65,-18.83,13.91
335,touros,40,BR,1609818494,78,-5.2,-35.46,78.8,8.05
336,kharan,0,PK,1609818494,63,28.58,65.42,37.81,1.21
337,christchurch,100,NZ,1609818494,82,-43.53,172.63,64.0,13.87
338,sidney,40,AU,1609818260,65,-33.87,151.21,81.0,10.29
339,koster,79,ZA,1609818494,72,-25.86,26.9,63.43,4.7
340,merauke,36,ID,1609818495,74,-8.47,140.33,85.69,11.21
341,santo nino,99,EC,1609818495,89,-0.59,-80.0,70.14,1.99
342,tres arroyos,90,IT,1609818273,85,46.32,11.1,28.99,5.82
343,cockburn town,0,AU,1609818495,31,-32.08,141.0,77.0,11.41
344,kloulklubed,75,PW,1609818495,74,7.04,134.26,86.0,13.87
345,lokomotivnyy,100,RU,1609818495,91,53.01,60.57,-0.44,4.36
346,taoudenni,74,ML,1609818495,24,22.68,-3.98,64.72,6.13
347,arcata,75,US,1609818495,93,40.87,-124.08,45.0,5.82
348,lata,0,PT,1609818495,90,40.16,-8.33,39.99,3.31
349,harper,64,LR,1609818495,85,4.38,-7.72,78.51,8.3
350,hovd,0,MN,1609818495,69,48.01,91.64,-2.99,1.52
351,lobva,84,RU,1609818495,93,59.19,60.52,-1.71,3.83
352,dalvik,90,IS,1609818496,64,65.97,-18.53,37.4,11.41
353,prince rupert,75,CA,1609818496,72,52.97,-108.38,17.6,10.29
354,floro,96,NO,1609818496,74,61.6,5.03,30.2,9.17
355,lasa,20,IT,1609818496,85,46.62,10.7,30.0,1.45
356,luderitz,69,NA,1609818496,88,-26.65,15.16,68.0,5.82
357,mustasaari,90,FI,1609818496,100,63.11,21.68,25.0,4.7
358,sapele,63,NG,1609818496,93,5.89,5.68,78.06,1.5
359,vaasa,90,FI,1609818496,100,63.1,21.62,25.0,4.7
360,mys shmidta,92,RU,1609818496,95,62.06,48.62,8.26,2.46
361,bowling green,12,GB,1609818496,95,55.93,-4.49,32.0,2.24
362,turayf,0,SA,1609818496,93,31.67,38.66,44.6,8.05
363,abalak,99,RU,1609818496,88,58.13,68.59,-12.84,7.99
364,ochakiv,90,UA,1609818496,100,46.61,31.55,37.4,13.42
365,maragogi,48,BR,1609818497,79,-9.01,-35.22,77.18,8.34
366,puerto penasco,75,ES,1609818497,93,36.59,-6.23,44.6,4.7
367,port lincoln,78,CD,1609818462,69,-7.03,29.76,72.59,4.61
368,terney,0,RU,1609818497,75,45.05,136.61,8.17,9.48
369,oxbow,1,CA,1609818497,92,49.23,-102.17,14.0,9.17
370,nizhniy kuranakh,0,RU,1609818497,88,45.39,39.24,32.0,6.71
371,basco,53,PH,1609818497,86,20.45,121.97,73.76,17.13
372,carnarvon,0,AU,1609818497,46,-24.87,113.63,89.6,12.75
373,mehran,0,IR,1609818497,64,33.12,46.16,33.8,4.7
374,tuy hoa,40,PH,1609818497,66,14.02,120.73,90.0,3.36
375,port macquarie,78,CD,1609818475,69,-7.03,29.76,72.59,4.61
376,carbonear,90,CA,1609818497,100,47.73,-53.21,33.01,17.22
377,ketchikan,90,US,1609818497,86,55.34,-131.65,39.2,28.86
378,rafai,53,CF,1609818498,57,4.95,23.92,67.95,1.1
379,indramayu,100,ID,1609818498,75,-6.33,108.32,83.73,13.04
380,richards bay,1,US,1609818211,100,46.84,-95.91,17.6,3.36
381,imeni poliny osipenko,86,NG,1609818498,86,7.32,5.96,75.97,5.57
382,okato,27,NZ,1609818498,60,-39.2,173.88,73.99,7.0
383,deputatskiy,31,RU,1609818498,84,69.3,139.9,-29.22,5.7
384,galle,43,LK,1609818498,73,6.04,80.22,81.75,4.63
385,zaozerne,81,UA,1609818498,68,45.16,33.28,46.58,9.06
386,toledo,0,ES,1609818498,83,39.83,-4.0,28.0,1.01
387,kavaratti,40,IN,1609818498,74,10.57,72.64,82.4,4.7
388,tintigny,98,BE,1609818498,94,49.68,5.51,34.0,1.01
389,longhua,16,CN,1609818498,29,23.61,114.19,69.89,6.35
390,axim,22,GH,1609818499,86,4.87,-2.24,78.64,9.71
391,vila velha,0,PT,1609818499,93,42.03,-8.16,28.99,1.01
392,bathsheba,40,BB,1609818499,69,13.22,-59.52,78.8,17.22
393,terrace bay,90,CA,1609818499,93,54.52,-128.6,35.6,21.92
394,alekseyevsk,100,RU,1609818499,80,57.84,108.35,-28.05,7.11
395,broome,90,US,1609818499,92,42.25,-75.83,33.01,3.36
396,tabas,59,IR,1609818499,50,33.6,56.92,30.2,4.7
397,jequitinhonha,76,BR,1609818499,88,-16.43,-41.0,70.36,2.8
398,kokstad,88,ZA,1609818499,88,-30.55,29.42,62.28,2.59
399,cabatuan,81,PH,1609818499,72,10.88,122.49,83.26,15.84
400,rockingham,73,US,1609818499,93,42.97,-71.1,30.0,5.7
401,ikirun,47,NG,1609818499,95,7.92,4.67,72.9,2.8
402,kalabo,42,ZM,1609818499,96,-14.97,22.68,64.74,2.95
403,yar-sale,2,RU,1609818500,88,66.83,70.83,-14.42,12.91
404,seon,100,CH,1609818500,92,47.34,8.16,30.99,3.0
405,carmo do paranaiba,18,BR,1609818500,90,-21.93,-42.61,69.1,2.35
406,sao joao da barra,85,IN,1609818500,44,20.51,76.21,73.44,13.33
407,anloga,20,GH,1609818500,78,5.79,0.9,77.0,3.36
408,francisco sa,100,US,1609818500,88,38.33,-87.45,42.01,1.01
409,sibolga,75,ID,1609818450,59,1.74,98.78,86.43,3.85
410,manicore,88,BR,1609818500,91,-5.81,-61.3,73.0,1.81
411,saurimo,100,AO,1609818501,92,-9.66,20.39,64.2,4.59
412,limoeiro do ajuru,40,BR,1609818501,69,-7.87,-35.45,78.8,9.17
413,daultala,90,PK,1609818501,100,33.19,73.14,51.01,11.05
414,sinazongwe,1,ZM,1609818501,81,-17.26,27.46,72.41,2.19
415,palmer,75,US,1609818501,100,42.16,-72.33,28.99,3.36
416,mandurah,0,AU,1609818243,34,-32.55,115.7,84.0,18.34
417,kemijarvi,0,FI,1609818501,94,66.71,27.43,13.19,2.57
418,mozelos,0,PT,1609818501,89,41.87,-8.4,37.0,3.36
419,tamasane,0,BW,1609818501,82,-22.42,27.4,68.0,2.75
420,zainsk,90,RU,1609818501,100,55.32,52.07,23.0,8.95
421,antofagasta,75,CL,1609818363,82,-23.65,-70.4,66.2,6.93
422,leh,100,IN,1609818502,78,34.17,77.58,18.1,2.98
423,ancud,0,CL,1609818502,71,-41.87,-73.82,54.0,11.41
424,katherine,24,AU,1609818502,62,-14.47,132.27,89.6,9.17
425,vanavara,100,RU,1609818502,84,60.34,102.28,-25.29,7.87
426,micheweni,100,TZ,1609818502,81,-4.97,39.83,80.1,12.01
427,methoni,20,GR,1609818502,100,36.82,21.7,51.01,11.56
428,contai,89,IN,1609818502,38,21.78,87.75,77.2,6.29
429,lodja,100,CD,1609818502,96,-3.48,23.43,67.64,1.32
430,monterey,90,US,1609818502,1,36.25,-121.25,53.01,5.01
431,mmabatho,75,ZA,1609818502,88,-25.85,25.63,66.2,6.93
432,filadelfia,90,US,1609818420,71,39.95,-75.16,41.0,8.05
433,jalu,2,LY,1609818503,78,29.03,21.55,52.32,12.39
434,mus,94,TR,1609818503,90,39.0,41.75,16.25,6.71
435,skibbereen,0,IE,1609818503,91,51.55,-9.27,35.6,11.41
436,jacqueville,40,CI,1609818503,100,5.21,-4.41,78.8,2.24
437,newport,71,GB,1609818366,87,51.59,-3.0,39.0,4.0
438,katsuura,75,JP,1609818256,61,35.13,140.3,51.01,4.7
439,margate,100,GB,1609818503,82,51.38,1.39,39.99,5.01
440,mujiayingzi,0,CN,1609818503,80,42.12,118.78,1.74,6.93
441,laguna,1,US,1609818504,81,38.42,-121.42,52.0,8.05
442,robertsport,85,LR,1609818504,79,6.75,-11.37,80.22,6.89
443,ibra,0,OM,1609818504,35,22.69,58.53,58.42,7.74
444,mezen,87,RU,1609818504,94,65.85,44.24,0.77,4.0
445,brekstad,75,NO,1609818504,86,63.69,9.67,33.01,14.99
446,maniwaki,100,CA,1609818430,92,46.38,-75.97,26.6,1.12
447,raudeberg,72,NO,1609818504,74,61.99,5.14,30.2,9.17
448,vostok,53,RU,1609818504,82,46.49,135.88,-4.32,5.99
449,sobolevo,99,RU,1609818504,99,54.43,31.9,29.62,7.92
450,bijie,100,CN,1609818504,88,27.31,105.29,35.33,5.5
451,jaysingpur,59,IN,1609818504,59,16.78,74.56,74.35,11.3
452,meghri,0,AM,1609818504,68,38.9,46.24,33.71,2.37
453,nisia floresta,20,GR,1609818504,100,39.39,21.64,39.99,5.7
454,jaguariaiva,86,BR,1609818505,91,-24.25,-49.71,62.35,2.46
455,riyadh,0,SA,1609818320,71,24.69,46.72,53.6,3.36
456,veracruz,75,MX,1609818267,78,19.33,-96.67,75.2,3.36
457,shelburne,98,CA,1609818248,95,44.08,-80.2,30.99,4.29
458,lockport,90,US,1609818505,100,41.59,-88.06,28.99,5.82
459,gijon,100,ES,1609818505,89,43.54,-5.66,39.0,1.01
460,bardiyah,67,LY,1609818505,86,31.76,25.09,59.59,13.6
461,aksum,23,ET,1609818505,83,14.12,38.72,47.43,2.51
462,inhambane,40,MZ,1609818505,88,-23.86,35.38,77.0,0.72
463,kidal,0,ML,1609818505,23,18.44,1.41,67.3,8.95
464,isangel,90,VU,1609818505,83,-19.55,169.27,82.4,6.93
465,muisne,93,EC,1609818505,84,0.6,-80.03,75.15,10.27
466,boralday,75,KZ,1609818505,76,43.36,76.86,-4.0,2.24
467,aripuana,100,BR,1609818506,94,-9.17,-60.63,71.71,1.32
468,taksimo,85,RU,1609818506,76,56.34,114.88,-18.17,3.42
469,kiruna,18,SE,1609818506,92,67.86,20.23,19.4,6.93
470,cabog,28,PH,1609818506,62,15.32,121.37,84.65,9.98
471,kattivakkam,90,IN,1609818506,100,13.22,80.32,77.0,3.36
472,college,40,US,1609818255,68,64.86,-147.8,-9.99,2.1
473,pag,20,HR,1609818506,71,44.45,15.06,32.0,4.7
474,mareeba,80,AU,1609818506,92,-17.0,145.43,87.01,1.99
475,kodinsk,86,RU,1609818506,81,58.69,99.18,-24.16,4.52
476,twin falls,65,US,1609818506,87,48.16,-123.95,44.6,9.17
477,hervey bay,1,US,1609818506,83,33.5,-93.78,53.6,5.82
478,yerbogachen,100,RU,1609818506,83,61.28,108.01,-24.93,10.11
479,fomboni,0,KM,1609818506,71,-12.28,43.74,83.39,9.01
480,oranjemund,100,NA,1609818506,91,-28.55,16.43,65.21,3.69
481,nata,66,PA,1609818506,40,8.33,-80.52,73.99,8.37
482,krasnoselkup,0,RU,1609818507,85,65.7,82.47,-22.29,11.25
483,alice springs,1,US,1609818507,100,27.75,-98.07,64.4,4.54
484,pierre,1,US,1609818497,55,44.37,-100.35,34.0,4.7
485,shepsi,100,RU,1609818507,43,44.04,39.15,52.32,4.27
486,basoko,99,CD,1609818507,89,1.24,23.62,71.96,3.98
487,ust-tsilma,26,RU,1609818507,90,65.44,52.15,-6.18,3.85
488,ocos,5,GT,1609818507,100,14.51,-92.19,75.2,5.08
489,fairbanks,20,US,1609818221,83,64.84,-147.72,-9.99,1.74
490,rio gallegos,40,GR,1609818507,87,38.3,21.78,50.0,7.52
491,saint-francois,90,FR,1609818507,98,46.42,3.91,34.0,3.36
492,fare,100,PF,1609818508,73,-16.7,-151.02,81.7,17.29
493,deming,1,US,1609818508,33,32.27,-107.76,42.8,5.82
494,taunggyi,47,MM,1609818508,48,20.78,97.03,75.29,0.27
495,manono,88,CD,1609818508,96,-7.3,27.42,67.28,2.84
496,karasjok,42,NO,1609818508,74,69.47,25.51,28.4,3.36
497,serro,6,BR,1609818508,93,-18.6,-43.38,64.42,0.98
498,coquimbo,7,CL,1609818508,87,-29.95,-71.34,59.0,3.36
499,thyboron,17,DK,1609818508,93,56.7,8.21,34.0,18.79
500,nha trang,100,NP,1609818508,81,27.91,86.72,30.09,7.16
501,santana de parnaiba,75,BR,1609818391,88,-0.06,-51.18,80.6,6.93
502,pangody,83,RU,1609818508,89,65.85,74.49,-15.95,10.09
503,upington,90,ZA,1609818508,94,-28.45,21.26,71.6,9.17
504,mtwara,20,TZ,1609818508,94,-10.27,40.18,75.2,9.17
505,ust-ishim,98,RU,1609818508,88,57.69,71.17,-11.47,7.31
506,cordoba,40,AR,1609818434,73,-31.41,-64.18,69.8,31.09
507,natchitoches,1,US,1609818509,87,31.77,-93.13,42.8,5.12
508,aginskoye,98,RU,1609818509,74,51.1,114.53,-13.65,21.74
509,coahuayana,5,MX,1609818509,73,18.73,-103.68,73.4,3.47
510,maceio,40,BR,1609818507,94,-9.67,-35.74,73.4,1.12
511,atar,65,MR,1609818384,37,20.52,-13.05,68.63,6.58
512,santa rosa,0,PH,1609818509,59,17.49,120.43,85.64,6.67
513,mbuji-mayi,100,CD,1609818509,94,-6.15,23.6,68.32,3.2
514,faribault,1,US,1609818509,92,44.3,-93.27,28.99,8.81
515,marsh harbour,81,GB,1609818509,94,53.65,-1.81,36.0,1.99
516,ramnagar,100,IN,1609818509,38,29.4,79.12,71.29,8.88
517,grants,1,US,1609818504,47,35.15,-107.85,35.6,11.41
518,roald,67,NO,1609818509,79,62.58,6.13,30.0,8.05
519,dakar,0,SN,1609818509,94,14.69,-17.44,69.8,9.17
520,tulare,8,US,1609818510,65,36.27,-118.8,51.01,1.01
521,sumbe,85,AO,1609818510,85,-11.21,13.84,75.04,5.06
522,xining,55,CN,1609818510,80,36.62,101.77,10.72,3.4
523,bodden town,35,GB,1609818510,98,51.2,-2.52,37.4,11.41
524,san andres,3,ML,1609818302,21,13.3,-4.9,72.28,11.48
525,maracas,99,BR,1609818510,100,-13.44,-40.43,60.93,3.74
526,iqaluit,20,CA,1609818292,67,63.75,-68.51,-22.0,4.7
527,starokostyantyniv,100,UA,1609818510,82,49.76,27.2,36.61,14.07
528,oranjestad,75,AW,1609818326,94,12.52,-70.03,75.2,9.17
529,mao,0,ES,1609818510,86,39.89,4.27,39.2,6.93
530,marzuq,0,YE,1609818510,49,14.4,46.47,56.98,3.09
531,oktyabrskoye,0,RU,1609818510,100,43.06,44.74,26.6,2.24
532,klamath falls,75,US,1609818511,69,42.67,-121.75,35.6,11.41
533,tosya,45,TR,1609818511,74,41.02,34.04,38.82,3.98
534,sisimiut,100,GL,1609818511,95,66.94,-53.67,12.78,8.48
535,mercedes,40,AR,1609818511,70,-34.65,-59.43,73.0,3.0
536,borogontsy,99,RU,1609818511,78,62.67,131.17,-44.21,1.12
537,nabire,68,ID,1609818511,75,-3.37,135.48,84.69,4.41
538,zyryanka,100,RU,1609818511,87,65.75,150.85,-22.76,0.16
539,abu samrah,3,IN,1609818511,43,24.6,72.7,57.38,3.24
540,boguchany,65,RU,1609818511,82,58.38,97.45,-21.89,4.56
541,vaitape,100,PF,1609818511,72,-16.52,-151.75,82.0,16.55
542,vysokogornyy,100,RU,1609818512,85,50.12,139.15,-15.16,6.08
543,manadhoo,96,MV,1609818512,81,5.77,73.38,81.5,14.65
544,tuatapere,99,NZ,1609818512,83,-46.13,167.68,57.67,1.68
545,kawalu,100,ID,1609818512,54,-7.38,108.21,89.4,1.92
546,opatija,7,HR,1609818512,92,45.34,14.31,33.01,2.62
547,westport,1,US,1609818490,80,41.14,-73.36,35.01,4.7
548,vizinga,92,RU,1609818512,96,61.07,50.1,13.64,2.66
549,ferkessedougou,23,CI,1609818512,28,9.6,-5.2,72.34,1.9
550,alofi,75,NU,1609818512,94,-19.06,-169.92,78.8,1.12
551,aldan,100,RU,1609818512,84,58.6,125.39,-27.0,3.8
552,peking,0,CN,1609818297,23,39.91,116.4,28.99,5.91
553,martapura,90,ID,1609818512,83,-3.42,114.85,80.6,8.05
554,ulaanbaatar,40,MN,1609818513,62,47.91,106.88,-14.8,17.9
555,mana,37,GF,1609818513,89,5.66,-53.78,76.53,7.85
556,mitu,79,CO,1609818513,97,1.2,-70.17,71.13,2.44
557,idlib,20,SY,1609818513,65,35.93,36.63,46.4,4.7
558,novoukrainskoye,99,RU,1609818513,88,45.38,40.53,34.54,11.3
559,porto novo,0,PT,1609818513,100,41.15,-8.61,33.8,4.74
560,susanville,90,US,1609818513,86,40.42,-120.65,37.4,9.17
561,warrington,0,GB,1609818513,80,53.39,-2.58,37.0,8.05
562,tuni,91,IN,1609818513,55,17.35,82.55,78.08,8.46
